,lval,op,rval,Estimate
0,y1,~~,y1,0.7255394281495461
1,y2,~~,y2,1.0538118702409922
2,y3,~~,y3,0.7115864868083118
3,y1,~,1,-1.4719753635885693
4,y1,~,x1,-1.4809621450980293
5,y1,~,x2,-1.0632374063141556
6,y1,~,x3,-0.32360475241565534
7,y2,~,1,0.9200450412545869
8,y2,~,x1,-0.7535755133466644
9,y2,~,x2,1.0863319237412128
10,y2,~,x3,-0.9556349359826148
11,y3,~,1,0.9783247513400279
12,y3,~,x1,0.7563962866930227
13,y3,~,x2,1.2756008290018261
14,y3,~,x3,-0.9131361433486893
