,lval,op,rval,Estimate
0,y,~~,y,0.8554050950292842
1,y,~,1,1.082411672746169
2,y,~,x1,1.343077149020102
3,y,~,x2,0.4562556273117082
4,y,~,x3,1.1936306055902548
